<?xml version="1.0" encoding="ISO-8859-1"?>
<rack>
	<properties>
		<scale>1.0</scale>
		<rows>1</rows>
		<cols>1</cols>
		<imagesPath>./images</imagesPath>
		<modulesPath>./wiard</modulesPath>
		<rackImageFilename>wiard6.jpg</rackImageFilename>
		<rackHP>6</rackHP>
	</properties>
	<modules>
		<module>
			<zipFilename>Wiard_W_Woggle.zip</zipFilename>
			<row>1</row>
			<col>6</col>
		</module>
		<module>
			<zipFilename>Wiard_W_Woggle.zip</zipFilename>
			<row>1</row>
			<col>5</col>
		</module>
		<module>
			<zipFilename>Wiard_W_Woggle.zip</zipFilename>
			<row>1</row>
			<col>4</col>
		</module>
		<module>
			<zipFilename>Wiard_W_Woggle.zip</zipFilename>
			<row>1</row>
			<col>3</col>
		</module>
		<module>
			<zipFilename>Wiard_W_Woggle.zip</zipFilename>
			<row>1</row>
			<col>2</col>
		</module>
		<module>
			<zipFilename>Wiard_W_Woggle.zip</zipFilename>
			<row>1</row>
			<col>1</col>
		</module>
	</modules>
</rack>
